{
  "type": "FeatureCollection",
  "features": [
    {
      "type": "Feature",
      "properties": {
        "state": "Arkansas",
        "commute2013": 21.4,
        "commute2014": 21.7,
        "commute2015": 22.1,
        "commute2016": 21.2,
        "commute2017": 21.6,
        "commute2018": 21.7,
        "commute2019": 21.9,
        "stateGeoCode": "Arkansas"
      },
      "geometry": {
        "type": "Point",
        "coordinates": [
          -92.4479108,
          35.2048883
        ]
      }
    },
    {
      "type": "Feature",
      "properties": {
        "state": "California",
        "commute2013": 27.9,
        "commute2014": 28.1,
        "commute2015": 28.9,
        "commute2016": 29.4,
        "commute2017": 29.8,
        "commute2018": 30.2,
        "commute2019": 30.7,
        "stateGeoCode": "California"
      },
      "geometry": {
        "type": "Point",
        "coordinates": [
          -118.755997,
          36.7014631
        ]
      }
    },
    {
      "type": "Feature",
      "properties": {
        "state": "Colorado",
        "commute2013": 24.6,
        "commute2014": 25.1,
        "commute2015": 25.4,
        "commute2016": 25,
        "commute2017": 25.9,
        "commute2018": 25.9,
        "commute2019": 26.5,
        "stateGeoCode": "Colorado"
      },
      "geometry": {
        "type": "Point",
        "coordinates": [
          -105.607716,
          38.7251776
        ]
      }
    },
    {
      "type": "Feature",
      "properties": {
        "state": "Florida",
        "commute2013": 26.1,
        "commute2014": 26.4,
        "commute2015": 27,
        "commute2016": 27.4,
        "commute2017": 27.8,
        "commute2018": 28,
        "commute2019": 28.4,
        "stateGeoCode": "Florida"
      },
      "geometry": {
        "type": "Point",
        "coordinates": [
          -81.4639835,
          27.7567667
        ]
      }
    },
    {
      "type": "Feature",
      "properties": {
        "state": "Massachusetts",
        "commute2013": 28.6,
        "commute2014": 28.8,
        "commute2015": 29.7,
        "commute2016": 29.6,
        "commute2017": 29.8,
        "commute2018": 30.5,
        "commute2019": 31,
        "stateGeoCode": "Massachusetts"
      },
      "geometry": {
        "type": "Point",
        "coordinates": [
          -72.032366,
          42.3788774
        ]
      }
    },
    {
      "type": "Feature",
      "properties": {
        "state": "Minnesota",
        "commute2013": 23,
        "commute2014": 23.4,
        "commute2015": 23.4,
        "commute2016": 23.5,
        "commute2017": 23.8,
        "commute2018": 23.8,
        "commute2019": 24.4,
        "stateGeoCode": "Minnesota"
      },
      "geometry": {
        "type": "Point",
        "coordinates": [
          -94.6113288,
          45.9896587
        ]
      }
    },
    {
      "type": "Feature",
      "properties": {
        "state": "Montana",
        "commute2013": 18,
        "commute2014": 17.9,
        "commute2015": 18,
        "commute2016": 17.5,
        "commute2017": 18.1,
        "commute2018": 18.6,
        "commute2019": 19.5,
        "stateGeoCode": "Montana"
      },
      "geometry": {
        "type": "Point",
        "coordinates": [
          -109.638757,
          47.3752671
        ]
      }
    },
    {
      "type": "Feature",
      "properties": {
        "state": "Nebraska",
        "commute2013": 18.1,
        "commute2014": 18.4,
        "commute2015": 18.4,
        "commute2016": 18.6,
        "commute2017": 18.5,
        "commute2018": 18.8,
        "commute2019": 19.5,
        "stateGeoCode": "Nebraska"
      },
      "geometry": {
        "type": "Point",
        "coordinates": [
          -99.5873816,
          41.7370229
        ]
      }
    },
    {
      "type": "Feature",
      "properties": {
        "state": "New York",
        "commute2013": 32.1,
        "commute2014": 32.6,
        "commute2015": 33.1,
        "commute2016": 33.4,
        "commute2017": 33.7,
        "commute2018": 34,
        "commute2019": 34,
        "stateGeoCode": "New York"
      },
      "geometry": {
        "type": "Point",
        "coordinates": [
          -74.0060152,
          40.7127281
        ]
      }
    },
    {
      "type": "Feature",
      "properties": {
        "state": "North Carolina",
        "commute2013": 23.9,
        "commute2014": 23.9,
        "commute2015": 24.3,
        "commute2016": 24.4,
        "commute2017": 24.9,
        "commute2018": 24.8,
        "commute2019": 25.7,
        "stateGeoCode": "North Carolina"
      },
      "geometry": {
        "type": "Point",
        "coordinates": [
          -79.0392919,
          35.6729639
        ]
      }
    },
    {
      "type": "Feature",
      "properties": {
        "state": "Ohio",
        "commute2013": 23.2,
        "commute2014": 23.2,
        "commute2015": 23.4,
        "commute2016": 23.4,
        "commute2017": 23.6,
        "commute2018": 23.6,
        "commute2019": 24.3,
        "stateGeoCode": "Ohio"
      },
      "geometry": {
        "type": "Point",
        "coordinates": [
          -82.6881395,
          40.2253569
        ]
      }
    },
    {
      "type": "Feature",
      "properties": {
        "state": "Pennsylvania",
        "commute2013": 26,
        "commute2014": 26.4,
        "commute2015": 26.8,
        "commute2016": 26.9,
        "commute2017": 27.1,
        "commute2018": 27.2,
        "commute2019": 27.8,
        "stateGeoCode": "Pennsylvania"
      },
      "geometry": {
        "type": "Point",
        "coordinates": [
          -77.7278831,
          40.9699889
        ]
      }
    },
    {
      "type": "Feature",
      "properties": {
        "state": "Texas",
        "commute2013": 25.5,
        "commute2014": 25.6,
        "commute2015": 26.3,
        "commute2016": 26.5,
        "commute2017": 26.5,
        "commute2018": 26.7,
        "commute2019": 27.2,
        "stateGeoCode": "Texas"
      },
      "geometry": {
        "type": "Point",
        "coordinates": [
          -98.5456116,
          31.2638905
        ]
      }
    },
    {
      "type": "Feature",
      "properties": {
        "state": "Washington",
        "commute2013": 26,
        "commute2014": 26.8,
        "commute2015": 27.1,
        "commute2016": 27.8,
        "commute2017": 27.9,
        "commute2018": 28.4,
        "commute2019": 28.8,
        "stateGeoCode": "Seattle, Washington"
      },
      "geometry": {
        "type": "Point",
        "coordinates": [
          -122.330062,
          47.6038321
        ]
      }
    },
    {
      "type": "Feature",
      "properties": {
        "state": "Wisconsin",
        "commute2013": 22.1,
        "commute2014": 21.9,
        "commute2015": 22,
        "commute2016": 21.9,
        "commute2017": 22.2,
        "commute2018": 22,
        "commute2019": 22.7,
        "stateGeoCode": "Wisconsin"
      },
      "geometry": {
        "type": "Point",
        "coordinates": [
          -89.6884637,
          44.4308975
        ]
      }
    }
  ]
}